{
  "id": "",
  "name": "",
  "font_family": "iconfont",
  "css_prefix_text": "icon-",
  "description": "",
  "glyphs": [
    {
      "icon_id": "81948151",
      "name": "下箭头",
      "font_class": "jiantou9",
      "unicode": "e60b",
      "unicode_decimal": 58891
    },
    {
      "icon_id": "7974079",
      "name": "购物车",
      "font_class": "gouwuche",
      "unicode": "e604",
      "unicode_decimal": 58884
    },
    {
      "icon_id": "19674252",
      "name": "右箭头",
      "font_class": "right",
      "unicode": "eb1b",
      "unicode_decimal": 60187
    }
  ]
}
